[
    {
        "NOC":"AFG",
        "Ouro":0,
        "Prata":0,
        "Bronze":2,
        "Total_Medalhas":2
    },
    {
        "NOC":"AHO",
        "Ouro":0,
        "Prata":1,
        "Bronze":0,
        "Total_Medalhas":1
    },
    {
        "NOC":"ALG",
        "Ouro":5,
        "Prata":4,
        "Bronze":8,
        "Total_Medalhas":17
    },
    {
        "NOC":"ANZ",
        "Ouro":20,
        "Prata":4,
        "Bronze":5,
        "Total_Medalhas":29
    },
    {
        "NOC":"ARG",
        "Ouro":91,
        "Prata":92,
        "Bronze":91,
        "Total_Medalhas":274
    },
    {
        "NOC":"ARM",
        "Ouro":2,
        "Prata":5,
        "Bronze":9,
        "Total_Medalhas":16
    },
    {
        "NOC":"AUS",
        "Ouro":347,
        "Prata":455,
        "Bronze":518,
        "Total_Medalhas":1320
    },
    {
        "NOC":"AUT",
        "Ouro":107,
        "Prata":186,
        "Bronze":156,
        "Total_Medalhas":449
    },
    {
        "NOC":"AZE",
        "Ouro":7,
        "Prata":12,
        "Bronze":25,
        "Total_Medalhas":44
    },
    {
        "NOC":"BAH",
        "Ouro":14,
        "Prata":11,
        "Bronze":15,
        "Total_Medalhas":40
    },
    {
        "NOC":"BAR",
        "Ouro":0,
        "Prata":0,
        "Bronze":1,
        "Total_Medalhas":1
    },
    {
        "NOC":"BDI",
        "Ouro":1,
        "Prata":1,
        "Bronze":0,
        "Total_Medalhas":2
    },
    {
        "NOC":"BEL",
        "Ouro":98,
        "Prata":198,
        "Bronze":175,
        "Total_Medalhas":471
    },
    {
        "NOC":"BER",
        "Ouro":0,
        "Prata":0,
        "Bronze":1,
        "Total_Medalhas":1
    },
    {
        "NOC":"BLR",
        "Ouro":24,
        "Prata":44,
        "Bronze":71,
        "Total_Medalhas":139
    },
    {
        "NOC":"BOH",
        "Ouro":0,
        "Prata":1,
        "Bronze":12,
        "Total_Medalhas":13
    },
    {
        "NOC":"BOT",
        "Ouro":0,
        "Prata":1,
        "Bronze":0,
        "Total_Medalhas":1
    },
    {
        "NOC":"BRA",
        "Ouro":109,
        "Prata":175,
        "Bronze":191,
        "Total_Medalhas":475
    },
    {
        "NOC":"BRN",
        "Ouro":1,
        "Prata":1,
        "Bronze":1,
        "Total_Medalhas":3
    },
    {
        "NOC":"BUL",
        "Ouro":54,
        "Prata":144,
        "Bronze":144,
        "Total_Medalhas":342
    },
    {
        "NOC":"CAN",
        "Ouro":463,
        "Prata":438,
        "Bronze":451,
        "Total_Medalhas":1352
    },
    {
        "NOC":"CHI",
        "Ouro":3,
        "Prata":9,
        "Bronze":20,
        "Total_Medalhas":32
    },
    {
        "NOC":"CHN",
        "Ouro":350,
        "Prata":347,
        "Bronze":292,
        "Total_Medalhas":989
    },
    {
        "NOC":"CIV",
        "Ouro":1,
        "Prata":1,
        "Bronze":1,
        "Total_Medalhas":3
    },
    {
        "NOC":"CMR",
        "Ouro":20,
        "Prata":1,
        "Bronze":1,
        "Total_Medalhas":22
    },
    {
        "NOC":"COL",
        "Ouro":5,
        "Prata":8,
        "Bronze":14,
        "Total_Medalhas":27
    },
    {
        "NOC":"CRC",
        "Ouro":1,
        "Prata":1,
        "Bronze":2,
        "Total_Medalhas":4
    },
    {
        "NOC":"CRO",
        "Ouro":58,
        "Prata":54,
        "Bronze":37,
        "Total_Medalhas":149
    },
    {
        "NOC":"CUB",
        "Ouro":164,
        "Prata":129,
        "Bronze":116,
        "Total_Medalhas":409
    },
    {
        "NOC":"CYP",
        "Ouro":0,
        "Prata":1,
        "Bronze":0,
        "Total_Medalhas":1
    },
    {
        "NOC":"CZE",
        "Ouro":42,
        "Prata":36,
        "Bronze":66,
        "Total_Medalhas":144
    },
    {
        "NOC":"DEN",
        "Ouro":182,
        "Prata":241,
        "Bronze":177,
        "Total_Medalhas":600
    },
    {
        "NOC":"DJI",
        "Ouro":0,
        "Prata":0,
        "Bronze":1,
        "Total_Medalhas":1
    },
    {
        "NOC":"DOM",
        "Ouro":3,
        "Prata":2,
        "Bronze":2,
        "Total_Medalhas":7
    },
    {
        "NOC":"ECU",
        "Ouro":1,
        "Prata":1,
        "Bronze":0,
        "Total_Medalhas":2
    },
    {
        "NOC":"EGY",
        "Ouro":7,
        "Prata":8,
        "Bronze":12,
        "Total_Medalhas":27
    },
    {
        "NOC":"ERI",
        "Ouro":0,
        "Prata":0,
        "Bronze":1,
        "Total_Medalhas":1
    },
    {
        "NOC":"ESP",
        "Ouro":110,
        "Prata":243,
        "Bronze":136,
        "Total_Medalhas":489
    },
    {
        "NOC":"EST",
        "Ouro":13,
        "Prata":12,
        "Bronze":25,
        "Total_Medalhas":50
    },
    {
        "NOC":"ETH",
        "Ouro":22,
        "Prata":9,
        "Bronze":22,
        "Total_Medalhas":53
    },
    {
        "NOC":"EUN",
        "Ouro":127,
        "Prata":71,
        "Bronze":81,
        "Total_Medalhas":279
    },
    {
        "NOC":"FIJ",
        "Ouro":13,
        "Prata":0,
        "Bronze":0,
        "Total_Medalhas":13
    },
    {
        "NOC":"FIN",
        "Ouro":198,
        "Prata":270,
        "Bronze":432,
        "Total_Medalhas":900
    },
    {
        "NOC":"FRA",
        "Ouro":505,
        "Prata":618,
        "Bronze":661,
        "Total_Medalhas":1784
    },
    {
        "NOC":"FRG",
        "Ouro":159,
        "Prata":194,
        "Bronze":233,
        "Total_Medalhas":586
    },
    {
        "NOC":"GAB",
        "Ouro":0,
        "Prata":1,
        "Bronze":0,
        "Total_Medalhas":1
    },
    {
        "NOC":"GBR",
        "Ouro":681,
        "Prata":734,
        "Bronze":654,
        "Total_Medalhas":2069
    },
    {
        "NOC":"GDR",
        "Ouro":397,
        "Prata":327,
        "Bronze":281,
        "Total_Medalhas":1005
    },
    {
        "NOC":"GEO",
        "Ouro":8,
        "Prata":6,
        "Bronze":18,
        "Total_Medalhas":32
    },
    {
        "NOC":"GER",
        "Ouro":744,
        "Prata":674,
        "Bronze":745,
        "Total_Medalhas":2163
    },
    {
        "NOC":"GHA",
        "Ouro":0,
        "Prata":1,
        "Bronze":22,
        "Total_Medalhas":23
    },
    {
        "NOC":"GRE",
        "Ouro":62,
        "Prata":108,
        "Bronze":84,
        "Total_Medalhas":254
    },
    {
        "NOC":"GRN",
        "Ouro":1,
        "Prata":1,
        "Bronze":0,
        "Total_Medalhas":2
    },
    {
        "NOC":"GUA",
        "Ouro":0,
        "Prata":1,
        "Bronze":0,
        "Total_Medalhas":1
    },
    {
        "NOC":"GUY",
        "Ouro":0,
        "Prata":0,
        "Bronze":1,
        "Total_Medalhas":1
    },
    {
        "NOC":"HAI",
        "Ouro":0,
        "Prata":1,
        "Bronze":5,
        "Total_Medalhas":6
    },
    {
        "NOC":"HKG",
        "Ouro":1,
        "Prata":2,
        "Bronze":1,
        "Total_Medalhas":4
    },
    {
        "NOC":"HUN",
        "Ouro":432,
        "Prata":332,
        "Bronze":371,
        "Total_Medalhas":1135
    },
    {
        "NOC":"INA",
        "Ouro":11,
        "Prata":17,
        "Bronze":13,
        "Total_Medalhas":41
    },
    {
        "NOC":"IND",
        "Ouro":138,
        "Prata":19,
        "Bronze":40,
        "Total_Medalhas":197
    },
    {
        "NOC":"IOA",
        "Ouro":1,
        "Prata":1,
        "Bronze":3,
        "Total_Medalhas":5
    },
    {
        "NOC":"IRI",
        "Ouro":18,
        "Prata":21,
        "Bronze":29,
        "Total_Medalhas":68
    },
    {
        "NOC":"IRL",
        "Ouro":9,
        "Prata":13,
        "Bronze":13,
        "Total_Medalhas":35
    },
    {
        "NOC":"IRQ",
        "Ouro":0,
        "Prata":0,
        "Bronze":1,
        "Total_Medalhas":1
    },
    {
        "NOC":"ISL",
        "Ouro":0,
        "Prata":15,
        "Bronze":2,
        "Total_Medalhas":17
    },
    {
        "NOC":"ISR",
        "Ouro":1,
        "Prata":1,
        "Bronze":7,
        "Total_Medalhas":9
    },
    {
        "NOC":"ISV",
        "Ouro":0,
        "Prata":1,
        "Bronze":0,
        "Total_Medalhas":1
    },
    {
        "NOC":"ITA",
        "Ouro":573,
        "Prata":531,
        "Bronze":531,
        "Total_Medalhas":1635
    },
    {
        "NOC":"JAM",
        "Ouro":38,
        "Prata":75,
        "Bronze":44,
        "Total_Medalhas":157
    },
    {
        "NOC":"JOR",
        "Ouro":1,
        "Prata":0,
        "Bronze":0,
        "Total_Medalhas":1
    },
    {
        "NOC":"JPN",
        "Ouro":247,
        "Prata":309,
        "Bronze":357,
        "Total_Medalhas":913
    },
    {
        "NOC":"KAZ",
        "Ouro":20,
        "Prata":25,
        "Bronze":32,
        "Total_Medalhas":77
    },
    {
        "NOC":"KEN",
        "Ouro":34,
        "Prata":41,
        "Bronze":31,
        "Total_Medalhas":106
    },
    {
        "NOC":"KGZ",
        "Ouro":0,
        "Prata":1,
        "Bronze":2,
        "Total_Medalhas":3
    },
    {
        "NOC":"KOR",
        "Ouro":221,
        "Prata":232,
        "Bronze":185,
        "Total_Medalhas":638
    },
    {
        "NOC":"KOS",
        "Ouro":1,
        "Prata":0,
        "Bronze":0,
        "Total_Medalhas":1
    },
    {
        "NOC":"KSA",
        "Ouro":0,
        "Prata":1,
        "Bronze":5,
        "Total_Medalhas":6
    },
    {
        "NOC":"KUW",
        "Ouro":0,
        "Prata":0,
        "Bronze":2,
        "Total_Medalhas":2
    },
    {
        "NOC":"LAT",
        "Ouro":3,
        "Prata":19,
        "Bronze":13,
        "Total_Medalhas":35
    },
    {
        "NOC":"LIB",
        "Ouro":0,
        "Prata":2,
        "Bronze":2,
        "Total_Medalhas":4
    },
    {
        "NOC":"LIE",
        "Ouro":2,
        "Prata":2,
        "Bronze":5,
        "Total_Medalhas":9
    },
    {
        "NOC":"LTU",
        "Ouro":6,
        "Prata":7,
        "Bronze":48,
        "Total_Medalhas":61
    },
    {
        "NOC":"LUX",
        "Ouro":4,
        "Prata":4,
        "Bronze":0,
        "Total_Medalhas":8
    },
    {
        "NOC":"MAR",
        "Ouro":6,
        "Prata":5,
        "Bronze":12,
        "Total_Medalhas":23
    },
    {
        "NOC":"MAS",
        "Ouro":0,
        "Prata":11,
        "Bronze":5,
        "Total_Medalhas":16
    },
    {
        "NOC":"MDA",
        "Ouro":0,
        "Prata":3,
        "Bronze":5,
        "Total_Medalhas":8
    },
    {
        "NOC":"MEX",
        "Ouro":30,
        "Prata":26,
        "Bronze":55,
        "Total_Medalhas":111
    },
    {
        "NOC":"MGL",
        "Ouro":2,
        "Prata":10,
        "Bronze":14,
        "Total_Medalhas":26
    },
    {
        "NOC":"MKD",
        "Ouro":0,
        "Prata":0,
        "Bronze":1,
        "Total_Medalhas":1
    },
    {
        "NOC":"MLT",
        "Ouro":2,
        "Prata":0,
        "Bronze":0,
        "Total_Medalhas":2
    },
    {
        "NOC":"MNE",
        "Ouro":0,
        "Prata":14,
        "Bronze":0,
        "Total_Medalhas":14
    },
    {
        "NOC":"MON",
        "Ouro":0,
        "Prata":0,
        "Bronze":1,
        "Total_Medalhas":1
    },
    {
        "NOC":"MOZ",
        "Ouro":1,
        "Prata":0,
        "Bronze":1,
        "Total_Medalhas":2
    },
    {
        "NOC":"MRI",
        "Ouro":0,
        "Prata":0,
        "Bronze":1,
        "Total_Medalhas":1
    },
    {
        "NOC":"NAM",
        "Ouro":0,
        "Prata":4,
        "Bronze":0,
        "Total_Medalhas":4
    },
    {
        "NOC":"NED",
        "Ouro":287,
        "Prata":342,
        "Bronze":412,
        "Total_Medalhas":1041
    },
    {
        "NOC":"NEP",
        "Ouro":1,
        "Prata":0,
        "Bronze":0,
        "Total_Medalhas":1
    },
    {
        "NOC":"NGR",
        "Ouro":23,
        "Prata":30,
        "Bronze":46,
        "Total_Medalhas":99
    },
    {
        "NOC":"NIG",
        "Ouro":0,
        "Prata":1,
        "Bronze":1,
        "Total_Medalhas":2
    },
    {
        "NOC":"NOR",
        "Ouro":378,
        "Prata":361,
        "Bronze":294,
        "Total_Medalhas":1033
    },
    {
        "NOC":"NZL",
        "Ouro":89,
        "Prata":56,
        "Bronze":82,
        "Total_Medalhas":227
    },
    {
        "NOC":"PAK",
        "Ouro":42,
        "Prata":45,
        "Bronze":34,
        "Total_Medalhas":121
    },
    {
        "NOC":"PAN",
        "Ouro":1,
        "Prata":0,
        "Bronze":2,
        "Total_Medalhas":3
    },
    {
        "NOC":"PAR",
        "Ouro":0,
        "Prata":17,
        "Bronze":0,
        "Total_Medalhas":17
    },
    {
        "NOC":"PER",
        "Ouro":1,
        "Prata":14,
        "Bronze":0,
        "Total_Medalhas":15
    },
    {
        "NOC":"PHI",
        "Ouro":0,
        "Prata":3,
        "Bronze":7,
        "Total_Medalhas":10
    },
    {
        "NOC":"POL",
        "Ouro":117,
        "Prata":195,
        "Bronze":253,
        "Total_Medalhas":565
    },
    {
        "NOC":"POR",
        "Ouro":4,
        "Prata":11,
        "Bronze":26,
        "Total_Medalhas":41
    },
    {
        "NOC":"PRK",
        "Ouro":16,
        "Prata":16,
        "Bronze":35,
        "Total_Medalhas":67
    },
    {
        "NOC":"PUR",
        "Ouro":1,
        "Prata":2,
        "Bronze":6,
        "Total_Medalhas":9
    },
    {
        "NOC":"QAT",
        "Ouro":0,
        "Prata":1,
        "Bronze":4,
        "Total_Medalhas":5
    },
    {
        "NOC":"ROU",
        "Ouro":161,
        "Prata":200,
        "Bronze":292,
        "Total_Medalhas":653
    },
    {
        "NOC":"RSA",
        "Ouro":32,
        "Prata":47,
        "Bronze":52,
        "Total_Medalhas":131
    },
    {
        "NOC":"RUS",
        "Ouro":390,
        "Prata":367,
        "Bronze":408,
        "Total_Medalhas":1165
    },
    {
        "NOC":"SCG",
        "Ouro":12,
        "Prata":26,
        "Bronze":26,
        "Total_Medalhas":64
    },
    {
        "NOC":"SEN",
        "Ouro":0,
        "Prata":1,
        "Bronze":0,
        "Total_Medalhas":1
    },
    {
        "NOC":"SGP",
        "Ouro":1,
        "Prata":4,
        "Bronze":4,
        "Total_Medalhas":9
    },
    {
        "NOC":"SLO",
        "Ouro":8,
        "Prata":13,
        "Bronze":27,
        "Total_Medalhas":48
    },
    {
        "NOC":"SRB",
        "Ouro":15,
        "Prata":29,
        "Bronze":41,
        "Total_Medalhas":85
    },
    {
        "NOC":"SRI",
        "Ouro":0,
        "Prata":2,
        "Bronze":0,
        "Total_Medalhas":2
    },
    {
        "NOC":"SUD",
        "Ouro":0,
        "Prata":1,
        "Bronze":0,
        "Total_Medalhas":1
    },
    {
        "NOC":"SUI",
        "Ouro":175,
        "Prata":248,
        "Bronze":268,
        "Total_Medalhas":691
    },
    {
        "NOC":"SUR",
        "Ouro":1,
        "Prata":0,
        "Bronze":1,
        "Total_Medalhas":2
    },
    {
        "NOC":"SVK",
        "Ouro":15,
        "Prata":19,
        "Bronze":13,
        "Total_Medalhas":47
    },
    {
        "NOC":"SWE",
        "Ouro":478,
        "Prata":522,
        "Bronze":535,
        "Total_Medalhas":1535
    },
    {
        "NOC":"SYR",
        "Ouro":1,
        "Prata":1,
        "Bronze":1,
        "Total_Medalhas":3
    },
    {
        "NOC":"TAN",
        "Ouro":0,
        "Prata":2,
        "Bronze":0,
        "Total_Medalhas":2
    },
    {
        "NOC":"TCH",
        "Ouro":81,
        "Prata":225,
        "Bronze":182,
        "Total_Medalhas":488
    },
    {
        "NOC":"TGA",
        "Ouro":0,
        "Prata":1,
        "Bronze":0,
        "Total_Medalhas":1
    },
    {
        "NOC":"THA",
        "Ouro":9,
        "Prata":8,
        "Bronze":13,
        "Total_Medalhas":30
    },
    {
        "NOC":"TJK",
        "Ouro":1,
        "Prata":1,
        "Bronze":2,
        "Total_Medalhas":4
    },
    {
        "NOC":"TOG",
        "Ouro":0,
        "Prata":0,
        "Bronze":1,
        "Total_Medalhas":1
    },
    {
        "NOC":"TPE",
        "Ouro":3,
        "Prata":28,
        "Bronze":18,
        "Total_Medalhas":49
    },
    {
        "NOC":"TTO",
        "Ouro":7,
        "Prata":8,
        "Bronze":17,
        "Total_Medalhas":32
    },
    {
        "NOC":"TUN",
        "Ouro":3,
        "Prata":3,
        "Bronze":7,
        "Total_Medalhas":13
    },
    {
        "NOC":"TUR",
        "Ouro":40,
        "Prata":27,
        "Bronze":28,
        "Total_Medalhas":95
    },
    {
        "NOC":"UAE",
        "Ouro":1,
        "Prata":0,
        "Bronze":1,
        "Total_Medalhas":2
    },
    {
        "NOC":"UAR",
        "Ouro":0,
        "Prata":1,
        "Bronze":1,
        "Total_Medalhas":2
    },
    {
        "NOC":"UGA",
        "Ouro":2,
        "Prata":3,
        "Bronze":2,
        "Total_Medalhas":7
    },
    {
        "NOC":"UKR",
        "Ouro":47,
        "Prata":52,
        "Bronze":100,
        "Total_Medalhas":199
    },
    {
        "NOC":"URS",
        "Ouro":1080,
        "Prata":732,
        "Bronze":689,
        "Total_Medalhas":2501
    },
    {
        "NOC":"URU",
        "Ouro":31,
        "Prata":2,
        "Bronze":30,
        "Total_Medalhas":63
    },
    {
        "NOC":"USA",
        "Ouro":2636,
        "Prata":1637,
        "Bronze":1357,
        "Total_Medalhas":5630
    },
    {
        "NOC":"UZB",
        "Ouro":10,
        "Prata":7,
        "Bronze":17,
        "Total_Medalhas":34
    },
    {
        "NOC":"VEN",
        "Ouro":2,
        "Prata":3,
        "Bronze":10,
        "Total_Medalhas":15
    },
    {
        "NOC":"VIE",
        "Ouro":1,
        "Prata":3,
        "Bronze":0,
        "Total_Medalhas":4
    },
    {
        "NOC":"WIF",
        "Ouro":0,
        "Prata":0,
        "Bronze":5,
        "Total_Medalhas":5
    },
    {
        "NOC":"YUG",
        "Ouro":130,
        "Prata":167,
        "Bronze":93,
        "Total_Medalhas":390
    },
    {
        "NOC":"ZAM",
        "Ouro":0,
        "Prata":1,
        "Bronze":1,
        "Total_Medalhas":2
    },
    {
        "NOC":"ZIM",
        "Ouro":17,
        "Prata":4,
        "Bronze":1,
        "Total_Medalhas":22
    }
]